ID,Name
1617,ï»¿paho_client_0009
1618,paho_client_0010
1619,paho_client_0011
1620,paho_client_0012
1621,paho_client_0013
1622,paho_client_0014
1623,paho_client_0015
1624,paho_client_0016
1625,paho_client_0017
1626,paho_client_0018
1627,paho_client_0019
1628,paho_client_0020
1629,paho_client_0021
1630,paho_client_0022
1631,paho_client_0023
1632,paho_client_0024
1633,paho_client_0025
1634,paho_client_0026
1635,paho_client_0027
1636,paho_client_0028
1637,paho_client_0029
1638,paho_client_0030
1639,paho_client_0031
1640,paho_client_0032
1641,paho_client_0033
1642,paho_client_0034
1643,paho_client_0035
1644,paho_client_0036
1645,paho_client_0037
1646,paho_client_0038
1647,paho_client_0039
1648,paho_client_0040
1649,paho_client_0041
1650,paho_client_0042
1651,paho_client_0043
1652,paho_client_0044
1653,paho_client_0045
1654,paho_client_0046
1655,paho_client_0047
1656,paho_client_0048
1657,paho_client_0049
1658,paho_client_0050
